INSERT INTO `bdcompriletsoft`.`roles`( `id`) VALUES 
('ESTUDIANTE'),
('ADMINISTRATIVO'),   	
('PROFESOR'),		 
('ACUDIENTE'),
('SUPER');
INSERT INTO `bdcompriletsoft`.`areas`(`id`) VALUES 
('CIENCIAS SOCIALES'),
('CIENCIAS NATURALES Y EDUCACIÓN AMBIENTAL'),
('NINGUNA'),
('EDUCACIÓN ETICA Y VALORES'),
('EDUCACIÓN RELIGIOSA'),
('LENGUA CASTELLANA'),
('EDUCACIÓN ARTISTICA'),
('LENGUA EXTRANJERA'),
('EDUCACIÓN FISICA RECREACIÓN Y DEPORTE'),
('TÉCNOLOGIA E INFORMATICA'),
('COMPORTAMIENTO ESCOLAR');

INSERT INTO `bdcompriletsoft`.`jornadas`(`id`) VALUES 
('MAÑANA'),
('TARDE'),
('ESPECIAL'),
('SABATINA');

INSERT INTO `bdcompriletsoft`.`personas`(`id-tipo`, `id`, `nombres`, `apellidos`, `telefono`, `cel`, `email`, `direccion`, `sexo`, `rol`,`rol-secundario`, `edad`, `jornada`,`f-naci`) VALUES 
('CC','13453220','ALBERTO','MIER','5698732','3122564323','ALBERTO@HOTMAIL.COM','CLL 60 #45-20','MASCULINO','ACUDIENTE','NINGUNO','30','MAÑANA','1992-10-09'),
('CC','77777777','LUIS','SILVA','5698732','3122564323','LUISSILVA@HOTMAIL.COM','CLL 60 #45-20','MASCULINO','SUPER','NINGUNO','30','MAÑANA','1992-10-09'),
('TI','16575560','MARIA','MIER','5698732','3122564323','','CLL 60 #45-20','FEMENINO','ESTUDIANTE','NINGUNO','9','MAÑANA','1992-10-09'),
('CC','13455600','CARLOS','PEREZ','5675432','3112344323','CARLOS@HOTMAIL.COM','CLL 45 #45-74','MASCULINO','PROFESOR','NINGUNO','26','MAÑANA','1992-10-09'),
('CC','10853220','JULIO','NIÑO','5898732','3152589323','JULIO@HOTMAIL.COM','CLL 15 #45-23','MASCULINO','ACUDIENTE','NINGUNO','35','TARDE','1992-10-09'),
('TI','16565560','ANDREA','NIÑO','5898732','3152589323','','CLL 25 #45-23','FEMENINO','ESTUDIANTE','NINGUNO','7','MAÑANA','1992-10-09'),
('CC','19416600','JORGE','RINCON','5898732','3152589323','JORGE@HOTMAIL.COM','CLL 15 #45-23','MASCULINO','PROFESOR','NINGUNO','28','TARDE','1992-10-09'),
('TI','10175600','JOSE','NIÑO','5898732','3152589323','','CLL 15 #45-6','MASCULINO','ESTUDIANTE','NINGUNO','6','MAÑANA','1992-10-09'),
('CC','13453640','JOSE','SILVA','5690632','3162564323','JOSE@HOTMAIL.COM','CLL 78 #45-20','MASCULINO','ACUDIENTE','NINGUNO','30','MAÑANA','1992-10-09'),
('TI','16395560','PAOLA','SILVA','5690632','3162564323','','CLL 78 #45-20','FEMENINO','ESTUDIANTE','NINGUNO','7','MAÑANA','1992-10-09'),
('CC','13455601','GELMIS','RIVERO','5715432','3112194323','GELMIS@HOTMAIL.COM','CLL 45 #45-74','FEMENINO','PROFESOR','NINGUNO','28','TARDE','1992-10-09'),
('CC','18043220','MANUEL','CARVAJAL','5893732','3202589323','MANUEL@HOTMAIL.COM','CLL 15 #45-23','MASCULINO','ACUDIENTE','NINGUNO','35','MAÑANA','1992-10-09'),
('TI','16957560','MARTIN','CARVAJAL','5893732','3202589323','','CLL 15 #45-23','MASCULINO','ESTUDIANTE','NINGUNO','8','MAÑANA','1992-10-09'),
('CC','23416600','ANA','BONILLA','5968732','3142589323','ANA@HOTMAIL.COM','CLL 15 #46-23','FEMENINO','PROFESOR','NINGUNO','37','TARDE','1992-10-09'),
('CC','13453400','MIGUEL','URREGO','5923732','3002589323','MIGUEL@HOTMAIL.COM','CLL 13 #41-23','MASCULINO','ADMINISTRATIVO','NINGUNO','40','MAÑANA','1992-10-09'),
('CC','29021600','LENIER','MARIN','5947732','3209089323','LENIER@HOTMAIL.COM','CLL 15 #46-23','MASCULINO','ADMINISTRATIVO','NINGUNO','37','TARDE','1992-10-09'),
('TI','10855560','MARIANA','DUARTE','5890232','3042598323','','CLL 10 #46-10','FEMENINO','ESTUDIANTE','NINGUNO','10','MAÑANA','1992-10-09'),   
('TI','10315560','KELLY','CASADIEGO','5890232','3045598323','','CLL 10 #46-10','FEMENINO','ESTUDIANTE','NINGUNO','9','MAÑANA','1992-10-09'),
('TI','10855590','LAURA','RUEDA','5890232','3042598323','','CLL 10 #46-10','FEMENINO','ESTUDIANTE','NINGUNO','9','MAÑANA','1992-10-09'),
('TI','10857760','ROY','NAVARRO','5890232','3042598323','','CLL 10 #46-10','MASCULINO','ESTUDIANTE','NINGUNO','9','MAÑANA','1992-10-09');

INSERT INTO `bdcompriletsoft`.`grados`(`id-grado`, `nom-grado`) VALUES 
('1','PRIMERO'),
('2','SEGUNDO'),
('3','TERCERO'),
('0','PREESCOLAR'),
('4','CUARTO'),
('5','QUINTO');

INSERT INTO `bdcompriletsoft`.`periodos`(`id`,`rangoI`, `rangoF`) VALUES 
('I','FEBRERO','ABRIL'),
('II','MAYO','JUNIO'),
('III','JULIO','SEPTIEMBRE'),
('IV','OCTUBRE','NOVIEMBRE'),
('FINAL','DICIEMBRE','DICIEMBRE');


INSERT INTO `bdcompriletsoft`.`asignatura`(`id`, `nombre`, `horas`) VALUES 
('MAT','MATEMATICAS','2'),
('SOC','SOCIALES','2'),
('ESP','ESPAÑOL','4'),
('ART','ARTISTICA','4'),
('INF','INFORMATICA','4'),
('GEO','GEOMETRIA','4');




INSERT INTO `bdcompriletsoft`.`logros`(`id-logro`, `descripcion`, `id-grado`, `id-asignatura`) VALUES 
('ESP1-DBI','BAJO RENDIMIENTO EN LECTURA. DEBE MEJORAR','1','ESP'),
('ESP1-DBII','BAJO RENDIMIENTO EN LECTURA. DEBE PRACTICAR MAS EN CASA.','1','ESP'),
('ESP2-DAI','EXCELENTE DESEMPEÑO EN DURATE EL PERIODO ACADEMICO. SIGA ASI.','2','ESP'),
('ESP2-DAII','FELICITACIONES. ALCANZÓ LOS LOGROS PROPUESTO PARA ESTE PERIODO','2','ESP'),
('ESP4-DSI','BUEN MANEJO DEL MATERIAL ACADEMICO VIRTUAL','4','ESP'),
('ESP4-DSII','EL JOVEN SE ESFUERZA Y TIENE UN BUEN MANEJO DEL MATERIAL ACADEMICO VIRTUAL','4','ESP'),
('ESP4-DBII','COMPRENDE Y DESARROLLA ACTIVIDADES EN CLASE. DEBE MEJORAR','4','ESP'),
('MAT4-BI','DEBE MEJORAR SU ACTITUD. SIN EMBARGO TRABAJA EN CLASE.','4','MAT'),
('MAT4-BII','ALCANZA UNA REGULAR PARTICIPACION EN CLASES. DEBE MEJORAR','4','MAT'),
('ESP5-BI','ALCANZA UNA REGULAR PARTICIPACION EN CLASES. DEBE MEJORAR','5','ESP'),
('ESP5-XX','SU PARTICIPACIÓN ES BUENA Y ADEMAS ALCANZA UNA REGULAR COMPRESIÓN EN CLASES. DEBE MEJORAR','5','ESP');

INSERT INTO `bdcompriletsoft`.`grupos`(`id-grupo`, `id-aula`, `id-grado`, `año`, `jornada`) VALUES 
('2014-0A','A','0','2014','MAÑANA'),
('2014-0B','B','0','2014','TARDE'),

('2014-1A','A','1','2014','MAÑANA'),
('2014-1B','B','1','2014','TARDE'),

('2014-2A','A','2','2014','MAÑANA'),
('2014-2B','B','2','2014','TARDE'),

('2014-3A','A','3','2014','MAÑANA'),
('2014-3B','B','3','2014','TARDE'),

('2014-4A','A','4','2014','MAÑANA'),
('2014-4B','B','4','2014','TARDE'),

('2014-5A','A','5','2014','MAÑANA'),
('2014-5B','B','5','2014','TARDE'),

('2013-0A','A','0','2013','MAÑANA'),
('2013-1A','A','1','2013','MAÑANA'),
('2013-2A','A','2','2013','MAÑANA'),
('2013-3A','A','3','2013','MAÑANA'),
('2013-4A','A','4','2013','MAÑANA'),
('2013-5A','A','4','2013','MAÑANA');

INSERT INTO `bdcompriletsoft`.`horarios`(`id-grupo`, `id-asignatura`, `dia`, `horaI`, `horaF`) VALUES 
('2013-1A','ESP','LUNES','6:00 a.m.','8:00 a.m.'),
('2013-2A','ESP','VIERNES','6:00 a.m.','8:00 a.m.'),
('2014-4A','ESP','MIERCOLES','6:00 a.m.','8:00 a.m.'),
('2013-2A','MAT','LUNES','7:00 a.m.','12:00 a.m.'),
('2013-3A','MAT','MARTES','8:00 a.m.','10:00 a.m.'),
('2013-1A','ESP','LUNES','6:00 a.m.','8:00 a.m.');

INSERT INTO `bdcompriletsoft`.`matricula1`(`id-asignatura`, `id-grupo`, `id-profesor`) VALUES 
('ESP','2013-1A','13455600'),
('ESP','2014-4A','13455600'),  
('INF','2014-3A','13455600'),
('GEO','2013-1A','19416600'),
('INF','2014-4A','19416600'),     
('MAT','2014-3A','19416600'),
('GEO','2014-0A','13455600'),
('MAT','2014-0A','13455600'),
('ESP','2014-0A','13455600'),		
('MAT','2014-0A','13455600'),
('INF','2014-1A','13455600'),
('INF','2014-2A','13455600'),
('ESP','2014-0A','19416600');

INSERT INTO `bdcompriletsoft`.`matricula2`( `id-estudiante`, `id-grupo`, `id-acudiente`) VALUES 
('16575560','2013-1A','13453220'),   	
('16565560','2013-1A','10853220'),
('16565560','2013-5A','10853220'),
('10175600','2014-3A','10853220'),		  
('16395560','2013-1A','13453640'),		   
('16957560','2014-2A','18043220'),
('10315560','2013-1A','13453220'),
('10855560','2013-1A','10853220'),
('10857760','2013-1A','10853220'),
('10855590','2013-1A','10853220');

		
